{"cameraMode":{"drawMode":0,"name":"Shaded","section":"Shading Mode"},"sceneLighting":true,"audioPlay":false,"sceneViewState":{"m_AlwaysRefresh":false,"showFog":true,"showSkybox":true,"showFlares":true,"showImageEffects":true,"showParticleSystems":true,"showVisualEffectGraphs":true,"m_FxEnabled":true},"in2DMode":false,"pivot":{"x":1.0828614234924317,"y":14.584304809570313,"z":1.7052087783813477},"rotation":{"x":0.498608261346817,"y":-0.004951769020408392,"z":0.002848806558176875,"w":0.8668130040168762},"size":15.643922805786133,"orthographic":false}